T_EN6,V_RELATED
-3.,-1.262177448353619e-22
-2.99,-1.262177448353619e-22
-2.98,-1.262177448353619e-22
-2.97,-1.262177448353619e-22
-2.96,-1.262177448353619e-22
-2.95,-1.262177448353619e-22
-2.94,-1.262177448353619e-22
-2.93,-1.262177448353619e-22
-2.92,-1.262177448353619e-22
-2.91,-1.262177448353619e-22
-2.9,-1.262177448353619e-22
-2.89,-1.262177448353619e-22
-2.88,-1.262177448353619e-22
-2.87,-1.262177448353619e-22
-2.86,-1.262177448353619e-22
-2.85,-1.262177448353619e-22
-2.84,-1.262177448353619e-22
-2.83,-1.262177448353619e-22
-2.82,-1.262177448353619e-22
-2.81,-1.262177448353619e-22
-2.8,-1.262177448353619e-22
-2.79,-1.262177448353619e-22
-2.78,-1.262177448353619e-22
-2.77,-1.262177448353619e-22
-2.76,-1.262177448353619e-22
-2.75,-1.262177448353619e-22
-2.74,-1.262177448353619e-22
-2.73,-1.262177448353619e-22
-2.7199999999999998,-1.262177448353619e-22
-2.71,-1.262177448353619e-22
-2.7,-1.262177448353619e-22
-2.69,-1.262177448353619e-22
-2.68,-1.262177448353619e-22
-2.67,-1.262177448353619e-22
-2.66,-1.262177448353619e-22
-2.65,-1.262177448353619e-22
-2.64,-1.262177448353619e-22
-2.63,-1.262177448353619e-22
-2.62,-1.262177448353619e-22
-2.61,-1.262177448353619e-22
-2.6,-1.262177448353619e-22
-2.59,-1.262177448353619e-22
-2.58,-1.262177448353619e-22
-2.57,-1.262177448353619e-22
-2.56,-1.262177448353619e-22
-2.55,-1.262177448353619e-22
-2.54,-1.262177448353619e-22
-2.53,-1.262177448353619e-22
-2.52,-1.262177448353619e-22
-2.51,-1.262177448353619e-22
-2.5,-1.262177448353619e-22
-2.49,-1.262177448353619e-22
-2.48,-1.262177448353619e-22
-2.4699999999999998,-1.262177448353619e-22
-2.46,-1.262177448353619e-22
-2.45,-1.262177448353619e-22
-2.44,-1.262177448353619e-22
-2.4299999999999997,-1.262177448353619e-22
-2.42,-1.262177448353619e-22
-2.41,-1.262177448353619e-22
-2.4,-1.262177448353619e-22
-2.39,-1.262177448353619e-22
-2.38,-1.262177448353619e-22
-2.37,-1.262177448353619e-22
-2.36,-1.262177448353619e-22
-2.35,-1.262177448353619e-22
-2.34,-1.262177448353619e-22
-2.33,-1.262177448353619e-22
-2.32,-1.262177448353619e-22
-2.31,-1.262177448353619e-22
-2.3,-1.262177448353619e-22
-2.29,-1.262177448353619e-22
-2.2800000000000002,-1.262177448353619e-22
-2.27,-1.262177448353619e-22
-2.26,-1.262177448353619e-22
-2.25,-1.262177448353619e-22
-2.24,-1.262177448353619e-22
-2.23,-1.262177448353619e-22
-2.2199999999999998,-1.262177448353619e-22
-2.21,-1.262177448353619e-22
-2.2,-1.262177448353619e-22
-2.19,-1.262177448353619e-22
-2.1799999999999997,-1.262177448353619e-22
-2.17,-1.262177448353619e-22
-2.16,-1.262177448353619e-22
-2.15,-1.262177448353619e-22
-2.14,-1.262177448353619e-22
-2.13,-1.262177448353619e-22
-2.12,-1.262177448353619e-22
-2.11,-1.262177448353619e-22
-2.1,-1.262177448353619e-22
-2.09,-1.262177448353619e-22
-2.08,-1.262177448353619e-22
-2.07,-1.262177448353619e-22
-2.06,-1.262177448353619e-22
-2.05,-1.262177448353619e-22
-2.04,-1.262177448353619e-22
-2.0300000000000002,-1.262177448353619e-22
-2.02,-1.262177448353619e-22
-2.01,-1.262177448353619e-22
-2.,-1.262177448353619e-22
-1.99,-1.262177448353619e-22
-1.98,-1.262177448353619e-22
-1.97,-1.262177448353619e-22
-1.96,-1.262177448353619e-22
-1.95,-1.262177448353619e-22
-1.94,-1.262177448353619e-22
-1.93,-1.262177448353619e-22
-1.92,-1.262177448353619e-22
-1.91,-1.262177448353619e-22
-1.9,-1.262177448353619e-22
-1.89,-1.262177448353619e-22
-1.88,-1.262177448353619e-22
-1.8699999999999999,-1.262177448353619e-22
-1.8599999999999999,-1.262177448353619e-22
-1.8499999999999999,-1.262177448353619e-22
-1.84,-1.262177448353619e-22
-1.83,-1.262177448353619e-22
-1.82,-1.262177448353619e-22
-1.81,-1.262177448353619e-22
-1.8,-1.262177448353619e-22
-1.79,-1.262177448353619e-22
-1.78,-1.262177448353619e-22
-1.77,-1.262177448353619e-22
-1.76,-1.262177448353619e-22
-1.75,-1.262177448353619e-22
-1.74,-1.262177448353619e-22
-1.73,-1.262177448353619e-22
-1.72,-1.262177448353619e-22
-1.71,-1.262177448353619e-22
-1.7,-1.262177448353619e-22
-1.69,-1.262177448353619e-22
-1.68,-1.262177448353619e-22
-1.67,-1.262177448353619e-22
-1.66,-1.262177448353619e-22
-1.65,-1.262177448353619e-22
-1.64,-1.262177448353619e-22
-1.63,-1.262177448353619e-22
-1.6199999999999999,-1.262177448353619e-22
-1.6099999999999999,-1.262177448353619e-22
-1.5999999999999999,-1.262177448353619e-22
-1.59,-1.262177448353619e-22
-1.58,-1.262177448353619e-22
-1.57,-1.262177448353619e-22
-1.56,-1.262177448353619e-22
-1.55,-1.262177448353619e-22
-1.54,-1.262177448353619e-22
-1.53,-1.262177448353619e-22
-1.52,-1.262177448353619e-22
-1.51,-1.262177448353619e-22
-1.5,-1.262177448353619e-22
-1.49,-1.262177448353619e-22
-1.48,-1.262177448353619e-22
-1.47,-1.262177448353619e-22
-1.46,-1.262177448353619e-22
-1.45,-1.262177448353619e-22
-1.44,-1.262177448353619e-22
-1.43,-1.262177448353619e-22
-1.42,-1.262177448353619e-22
-1.41,-1.262177448353619e-22
-1.4,-1.262177448353619e-22
-1.39,-1.262177448353619e-22
-1.38,-1.262177448353619e-22
-1.3699999999999999,-1.262177448353619e-22
-1.3599999999999999,-1.262177448353619e-22
-1.3499999999999999,-1.262177448353619e-22
-1.3399999999999999,-1.262177448353619e-22
-1.33,-1.262177448353619e-22
-1.32,-1.262177448353619e-22
-1.31,-1.262177448353619e-22
-1.3,-1.262177448353619e-22
-1.29,-1.262177448353619e-22
-1.28,-1.262177448353619e-22
-1.27,-1.262177448353619e-22
-1.26,-1.262177448353619e-22
-1.25,-1.262177448353619e-22
-1.24,-1.262177448353619e-22
-1.23,-1.262177448353619e-22
-1.22,-1.262177448353619e-22
-1.21,-1.262177448353619e-22
-1.2,-1.262177448353619e-22
-1.19,-1.262177448353619e-22
-1.18,-1.262177448353619e-22
-1.17,-1.262177448353619e-22
-1.16,-1.262177448353619e-22
-1.15,-1.262177448353619e-22
-1.14,-1.262177448353619e-22
-1.13,-1.262177448353619e-22
-1.1199999999999999,-1.262177448353619e-22
-1.1099999999999999,-1.262177448353619e-22
-1.0999999999999999,-1.262177448353619e-22
-1.0899999999999999,-1.262177448353619e-22
-1.08,-1.262177448353619e-22
-1.07,-1.262177448353619e-22
-1.06,-1.262177448353619e-22
-1.05,-1.262177448353619e-22
-1.04,-1.262177448353619e-22
-1.03,-1.262177448353619e-22
-1.02,-1.262177448353619e-22
-1.01,-1.262177448353619e-22
-1.,-1.262177448353619e-22
-0.9899999999999998,-1.262177448353619e-22
-0.98,-1.262177448353619e-22
-0.9699999999999998,-1.262177448353619e-22
-0.96,-1.262177448353619e-22
-0.9500000000000002,-1.262177448353619e-22
-0.94,-1.262177448353619e-22
-0.9300000000000002,-1.262177448353619e-22
-0.9199999999999999,-1.262177448353619e-22
-0.9100000000000001,-1.262177448353619e-22
-0.8999999999999999,-1.262177448353619e-22
-0.8900000000000001,-1.262177448353619e-22
-0.8799999999999999,-1.262177448353619e-22
-0.8700000000000001,-1.262177448353619e-22
-0.8599999999999999,-1.262177448353619e-22
-0.8500000000000001,-1.262177448353619e-22
-0.8399999999999999,-1.262177448353619e-22
-0.8300000000000001,-1.262177448353619e-22
-0.8199999999999998,-1.262177448353619e-22
-0.81,-1.262177448353619e-22
-0.7999999999999998,-1.262177448353619e-22
-0.79,-1.262177448353619e-22
-0.7799999999999998,-1.262177448353619e-22
-0.77,-1.262177448353619e-22
-0.7599999999999998,-1.262177448353619e-22
-0.75,-1.262177448353619e-22
-0.7399999999999998,-1.262177448353619e-22
-0.73,-1.262177448353619e-22
-0.7199999999999998,-1.262177448353619e-22
-0.71,-1.262177448353619e-22
-0.6999999999999997,-1.262177448353619e-22
-0.69,-1.262177448353619e-22
-0.6800000000000002,-1.262177448353619e-22
-0.6699999999999999,-1.262177448353619e-22
-0.6600000000000001,-1.262177448353619e-22
-0.6499999999999999,-1.262177448353619e-22
-0.6400000000000001,-1.262177448353619e-22
-0.6299999999999999,-1.262177448353619e-22
-0.6200000000000001,-1.262177448353619e-22
-0.6099999999999999,-1.262177448353619e-22
-0.6000000000000001,-1.262177448353619e-22
-0.5899999999999999,-1.262177448353619e-22
-0.5800000000000001,-1.262177448353619e-22
-0.5699999999999998,-1.262177448353619e-22
-0.56,-1.262177448353619e-22
-0.5499999999999998,-1.262177448353619e-22
-0.54,-1.262177448353619e-22
-0.5299999999999998,-1.262177448353619e-22
-0.52,-1.262177448353619e-22
-0.5099999999999998,-1.262177448353619e-22
-0.5,-1.262177448353619e-22
-0.48999999999999977,-1.262177448353619e-22
-0.48,-1.262177448353619e-22
-0.46999999999999975,-1.262177448353619e-22
-0.45999999999999996,-1.262177448353619e-22
-0.44999999999999973,-1.262177448353619e-22
-0.43999999999999995,-1.262177448353619e-22
-0.43000000000000016,-1.262177448353619e-22
-0.41999999999999993,-1.262177448353619e-22
-0.41000000000000014,-1.262177448353619e-22
-0.3999999999999999,-1.262177448353619e-22
-0.3900000000000001,-1.262177448353619e-22
-0.3799999999999999,-1.262177448353619e-22
-0.3700000000000001,-1.262177448353619e-22
-0.3599999999999999,-1.262177448353619e-22
-0.3500000000000001,-1.262177448353619e-22
-0.33999999999999986,-1.262177448353619e-22
-0.33000000000000007,-1.262177448353619e-22
-0.31999999999999984,-1.262177448353619e-22
-0.31000000000000005,-1.262177448353619e-22
-0.2999999999999998,-1.262177448353619e-22
-0.29000000000000004,-1.262177448353619e-22
-0.2799999999999998,-1.262177448353619e-22
-0.27,-1.262177448353619e-22
-0.2599999999999998,-1.262177448353619e-22
-0.25,-1.262177448353619e-22
-0.23999999999999977,-1.262177448353619e-22
-0.22999999999999998,-1.262177448353619e-22
-0.21999999999999975,-1.262177448353619e-22
-0.20999999999999996,-1.262177448353619e-22
-0.19999999999999973,-1.262177448353619e-22
-0.18999999999999995,-1.262177448353619e-22
-0.18000000000000016,-1.262177448353619e-22
-0.16999999999999993,-1.262177448353619e-22
-0.16000000000000014,-1.262177448353619e-22
-0.1499999999999999,-1.262177448353619e-22
-0.14000000000000012,-1.262177448353619e-22
-0.1299999999999999,-1.262177448353619e-22
-0.1200000000000001,-1.262177448353619e-22
-0.10999999999999988,-1.262177448353619e-22
-0.10000000000000009,-1.262177448353619e-22
-0.08999999999999986,-1.262177448353619e-22
-0.08000000000000007,-1.262177448353619e-22
-0.06999999999999984,-1.262177448353619e-22
-0.06000000000000005,-1.262177448353619e-22
-0.04999999999999982,-1.262177448353619e-22
-0.040000000000000036,-1.262177448353619e-22
-0.029999999999999805,-1.262177448353619e-22
-0.020000000000000018,-1.262177448353619e-22
-0.009999999999999787,-1.262177448353619e-22
0.,-1.262177448353619e-22
0.010000000000000231,0.000051224818530047374
0.020000000000000018,0.00011623833807548649
0.03000000000000025,0.0003792498411502735
0.040000000000000036,0.0007965028153968059
0.050000000000000266,0.0011138904577106742
0.06000000000000005,0.0013717271528811434
0.07000000000000028,0.0019461534976204695
0.08000000000000007,0.002655925977062031
0.08999999999999986,0.0034973991265673013
0.10000000000000009,0.0044877676096599225
0.10999999999999988,0.005656648526498771
0.1200000000000001,0.006993402537406117
0.1299999999999999,0.008489826230602227
0.14000000000000012,0.01016345748276758
0.1499999999999999,0.012045521749048585
0.16000000000000014,0.014120429534624609
0.16999999999999993,0.016376563386132
0.18000000000000016,0.018831693631214154
0.18999999999999995,0.021518231674199032
0.20000000000000018,0.02441662585549832
0.20999999999999996,0.027512499586347144
0.2200000000000002,0.030823591657700784
0.22999999999999998,0.03438286903229908
0.2400000000000002,0.03816753930385156
0.25,0.04216095776499647
0.26000000000000023,0.046380485965332376
0.27,0.05085893530861769
0.28000000000000025,0.05557089729997945
0.29000000000000004,0.06052636948721057
0.30000000000000027,0.06565683242854428
0.31000000000000005,0.07111551586778302
0.3200000000000003,0.07680774646302732
0.33000000000000007,0.08265411492116298
0.33999999999999986,0.08871758539272007
0.3500000000000001,0.09512190682751848
0.3599999999999999,0.1017557451689426
0.3700000000000001,0.10854044339533685
0.3799999999999999,0.11553743399244425
0.3900000000000001,0.12286517385051017
0.3999999999999999,0.13041326768105888
0.41000000000000014,0.13810520436076426
0.41999999999999993,0.14599907713944169
0.43000000000000016,0.15420505194954492
0.43999999999999995,0.16261645207279046
0.4500000000000002,0.17116085345394522
0.45999999999999996,0.1798914463136856
0.4700000000000002,0.1889070351152282
0.48,0.19810741979462265
0.4900000000000002,0.20742622855284004
0.5,0.21691020935418412
0.5100000000000002,0.22664384669038046
0.52,0.23653614822356822
0.5300000000000002,0.251110104001796
0.54,0.2567712703669493
0.5500000000000003,0.27120380990910437
0.56,0.2854991795195606
0.5700000000000003,0.2930010810529947
0.5800000000000001,0.2989213022062001
0.5899999999999999,0.3139667488039181
0.6000000000000001,0.3287993924197677
0.6099999999999999,0.3365445088776644
0.6200000000000001,0.3426400269182379
0.6299999999999999,0.35808254339005613
0.6400000000000001,0.3732354079889754
0.6499999999999999,0.38110812361085267
0.6600000000000001,0.3872870144712575
0.6699999999999999,0.40289109504476806
0.6800000000000002,0.4181293362537492
0.69,0.42600495785423975
0.7000000000000002,0.43216875529308413
0.71,0.4476834153244976
0.7200000000000002,0.4627587038635979
0.73,0.470508541190561
0.7400000000000002,0.4765554255668588
0.75,0.4917225765384586
0.7600000000000002,0.5063814185987318
0.77,0.5138730529829357
0.7800000000000002,0.5196993453210725
0.79,0.5342573229874692
0.8000000000000003,0.5482446318397818
0.81,0.5553465667002436
0.8200000000000003,0.5608495592532
0.8300000000000001,0.574540533208353
0.8399999999999999,0.5876069170683078
0.8500000000000001,0.5941914576302495
0.8599999999999999,0.5992719596025979
0.8700000000000001,0.61184829862391
0.8799999999999999,0.6237562872219216
0.8900000000000001,0.6297036650324106
0.8999999999999999,0.6342689259608288
0.9100000000000001,0.6455005701068337
0.9199999999999999,0.6560316792812655
0.9300000000000002,0.6612322645443128
0.94,0.6651981212748022
0.9500000000000002,0.6748778323612775
0.96,0.6838376026490726
0.9700000000000002,0.6881953605393537
0.98,0.6914886149304973
0.9900000000000002,0.699437910281659
1.,0.7066614798357621
1.0099999999999998,0.7100967186735421
1.0200000000000005,0.7126572449576214
1.0300000000000002,0.7187315521876642
1.04,0.7211749874781741
1.0499999999999998,0.7250587998616908
1.0600000000000005,0.7286586533286199
1.0700000000000003,0.731754157868461
1.08,0.7344914682887338
1.0899999999999999,0.7369899393418603
1.0999999999999996,0.7391507435036411
1.1100000000000003,0.7407757945737564
1.12,0.7420343414384065
1.13,0.7430494469684155
1.1399999999999997,0.7437207128318283
1.1500000000000004,0.743849735429837
1.1600000000000001,0.7436108481867059
1.17,0.7431288247395402
1.1799999999999997,0.7423039738387092
1.1900000000000004,0.7409415076244926
1.2000000000000002,0.7392172099983175
1.21,0.7372550163260175
1.2199999999999998,0.7349579589974501
1.2300000000000004,0.7321387759138849
1.2400000000000002,0.7289711054690678
1.25,0.7255755318909293
1.2599999999999998,0.7218597346021911
1.2700000000000005,0.7176476417839798
1.2800000000000002,0.7131072322767752
1.29,0.7083533414350901
1.2999999999999998,0.7033000709210071
1.3100000000000005,0.6977858539008256
1.3200000000000003,0.6919696857610539
1.33,0.685958438710139
1.3399999999999999,0.6796742138438834
1.3500000000000005,0.6729728226525525
1.3600000000000003,0.6660012345284092
1.37,0.6588563924856069
1.38,0.6513735036285624
1.3899999999999997,0.6404670277577712
1.4000000000000004,0.6294367065530976
1.4100000000000001,0.6235274603437612
1.42,0.6188147620944852
1.4299999999999997,0.6066989523235207
1.4400000000000004,0.5945547862425979
1.4500000000000002,0.5881066823411253
1.46,0.5829878821559048
1.4699999999999998,0.5698948073710054
1.4800000000000004,0.5568667117229478
1.4900000000000002,0.5500002902526948
1.5,0.5445703980107025
1.5099999999999998,0.5307410581711971
1.5200000000000005,0.5170658258046386
1.5300000000000002,0.5099041774584471
1.54,0.5042595240810452
1.5499999999999998,0.4899372285503037
1.5600000000000005,0.4758521462448238
1.5700000000000003,0.46851766843305687
1.58,0.4627544138371963
1.5899999999999999,0.4481803893346898
1.6000000000000005,0.43391917644957784
1.6100000000000003,0.4265316134551836
1.62,0.42074275411960294
1.63,0.4061499287917268
1.6399999999999997,0.3919369732027789
1.6500000000000004,0.3846106414436713
1.6600000000000001,0.3788849671399738
1.67,0.3644950046477706
1.6799999999999997,0.3505432245239951
1.6900000000000004,0.34338646335594736
1.7000000000000002,0.33780764277115743
1.71,0.3238307699688483
1.7199999999999998,0.3103447762456769
1.7300000000000004,0.30346607127797676
1.7400000000000002,0.2981232653112268
1.75,0.2847820320104447
1.7599999999999998,0.27196981154919614
1.7700000000000005,0.2654611359750363
1.7800000000000002,0.26041295150886734
1.79,0.2478324621237608
1.7999999999999998,0.23578664848240624
1.8100000000000005,0.2336022985344996
1.8200000000000003,0.224883359847155
1.83,0.2163644899133263
1.8399999999999999,0.2079984416980063
1.8500000000000005,0.19973474691372076
1.8600000000000003,0.19161587299721877
1.87,0.18372868045165225
1.88,0.17600166584134444
1.8899999999999997,0.1683817197729305
1.9000000000000004,0.16091331328898592
1.9100000000000001,0.15368553909629942
1.92,0.14662263786016283
1.9299999999999997,0.13966936972735758
1.9400000000000004,0.13287101085539538
1.9500000000000002,0.12631726712919966
1.96,0.11992983238360932
1.9699999999999998,0.11365247159705544
1.9800000000000004,0.10753040317253482
1.9900000000000002,0.10165231881729392
2.,0.09593894292215586
2.01,0.0903341068988961
2.0200000000000005,0.08488219007201381
2.0300000000000002,0.0796694078760442
2.04,0.07461699816107172
2.05,0.0696698430696935
2.0600000000000005,0.06487078504314575
2.0700000000000003,0.060302299134411264
2.08,0.05588747424553315
2.09,0.051573109161673625
2.1000000000000005,0.04739991871088609
2.1100000000000003,0.04344559129271567
2.12,0.03684067947550665
2.13,0.03436016195888557
2.1399999999999997,0.03246969632500216
2.1500000000000004,0.027852356794833125
2.16,0.023566147730811216
2.17,0.02146763626541399
2.1799999999999997,0.01987222261396006
2.1900000000000004,0.015986535307923457
2.2,0.0123954486249291
2.21,0.010645860600886799
2.2199999999999998,0.009319265644281635
2.2300000000000004,0.0060982574947550374
2.24,0.0031358871072059563
2.25,0.0017003942740872113
2.26,0.0006151682038220513
2.2700000000000005,-0.0020107727758139496
2.2800000000000002,-0.004412503850056048
2.29,-0.005569236531914182
2.3,-0.006440797749274678
2.3100000000000005,-0.008541535105738473
2.3200000000000003,-0.010451243683867042
2.33,-0.011364609417005093
2.34,-0.01205015494235658
2.3500000000000005,-0.013695098749226033
2.3600000000000003,-0.015179658670479244
2.37,-0.015883839791721678
2.38,-0.016409957124534715
2.3899999999999997,-0.017665563418655182
2.4000000000000004,-0.01878886208655194
2.41,-0.019316321794434637
2.42,-0.019708180085152283
2.4299999999999997,-0.020637122984868608
2.4400000000000004,-0.02145870673787637
2.45,-0.02183949623212877
2.46,-0.022120316118464815
2.4699999999999998,-0.022780215810483884
2.4800000000000004,-0.023355616882040436
2.49,-0.02361769916903342
2.5,-0.023809050937756628
2.51,-0.024253289146940655
2.5200000000000005,-0.02463270520112591
2.5300000000000002,-0.024801169965957274
2.54,-0.024922346918070905
2.55,-0.02519855129742309
2.5600000000000005,-0.025426937055194002
2.5700000000000003,-0.02552420693580019
2.58,-0.025592435128225025
2.59,-0.025743087882504855
2.6000000000000005,-0.025797690903406875
2.6100000000000003,-0.025881285285370696
2.62,-0.02595194983359871
2.63,-0.026001985542741763
2.6399999999999997,-0.026039954885682108
2.6500000000000004,-0.026070995111413114
2.66,-0.026092769190842628
2.67,-0.02610260944866208
2.6799999999999997,-0.026107188044176836
2.6900000000000004,-0.02611010002864253
2.7,-0.02611113861639685
2.71,-0.026111176049673168
2.7199999999999998,-0.02611121102765603
2.7300000000000004,-0.02611124105709855
2.74,-0.026111245679910237
2.75,-0.02611124021336221
2.76,-0.026111237449675438
2.7700000000000005,-0.026111235870422828
2.7800000000000002,-0.026111235327770353
2.79,-0.02611123529901425
2.8,-0.02611123527507854
2.8100000000000005,-0.026111235254556234
2.8200000000000003,-0.026111235248673367
2.83,-0.02611123524866718
2.84,-0.02611123524852033
2.8500000000000005,-0.02611123524838303
2.8600000000000003,-0.026111235248342357
2.87,-0.02611123524834826
2.88,-0.026111235248353744
2.8899999999999997,-0.026111235248349178
2.9000000000000004,-0.026111235248342277
2.91,-0.02611123524834826
2.92,-0.026111235248353744
2.9299999999999997,-0.026111235248349178
2.9400000000000004,-0.026111235248342277
2.95,-0.02611123524834826
2.96,-0.026111235248353744
2.9699999999999998,-0.026111235248349178
2.9800000000000004,-0.026111235248342277
2.99,-0.02611123524834826
3.,-0.026111235248353744
3.01,-0.026111235248349178
3.0200000000000005,-0.026111235248342277
3.0300000000000002,-0.02611123524834826
3.04,-0.026111235248353744
3.05,-0.026111235248349178
3.0600000000000005,-0.026111235248342277
3.0700000000000003,-0.02611123524834826
3.08,-0.026111235248353744
3.09,-0.026111235248349178
3.1000000000000005,-0.026111235248342284
3.1100000000000003,-0.02611123524834826
3.12,-0.026111235248353744
3.13,-0.026111235248349178
3.1400000000000006,-0.026111235248342277
3.1500000000000004,-0.02611123524834826
3.16,-0.026111235248353744
3.17,-0.026111235248349178
3.1799999999999997,-0.026111235248342277
3.1900000000000004,-0.02611123524834826
3.2,-0.026111235248353744
3.21,-0.026111235248349178
3.2199999999999998,-0.026111235248342277
3.2300000000000004,-0.02611123524834826
3.24,-0.026111235248353744
3.25,-0.026111235248349178
3.26,-0.026111235248342277
3.2700000000000005,-0.02611123524834826
3.2800000000000002,-0.026111235248353744
3.29,-0.026111235248349178
3.3,-0.026111235248342277
3.3100000000000005,-0.02611123524834826
3.3200000000000003,-0.026111235248353744
3.33,-0.026111235248349178
3.34,-0.026111235248342277
3.3500000000000005,-0.02611123524834826
3.3600000000000003,-0.026111235248353744
3.37,-0.026111235248349178
3.38,-0.026111235248342277
3.3900000000000006,-0.02611123524834826
3.4000000000000004,-0.026111235248353744
3.41,-0.026111235248349178
3.42,-0.026111235248342277
3.4299999999999997,-0.02611123524834826
3.4400000000000004,-0.026111235248353744
3.45,-0.026111235248349178
3.46,-0.026111235248342277
3.4699999999999998,-0.02611123524834826
3.4800000000000004,-0.026111235248353744
3.49,-0.026111235248349178
3.5,-0.026111235248342277
3.51,-0.02611123524834826
3.5200000000000005,-0.026111235248353744
3.5300000000000002,-0.026111235248349178
3.54,-0.026111235248342277
3.55,-0.02611123524834826
3.5600000000000005,-0.026111235248353744
3.5700000000000003,-0.026111235248349178
3.58,-0.026111235248342277
3.59,-0.02611123524834826
3.6000000000000005,-0.02611123524835646
3.6100000000000003,-0.026111235248349178
3.62,-0.026111235248342277
3.63,-0.02611123524834826
3.6400000000000006,-0.026111235248353744
3.6500000000000004,-0.026111235248349178
3.66,-0.026111235248342277
3.67,-0.02611123524834826
3.6799999999999997,-0.026111235248353744
3.6900000000000004,-0.026111235248349178
3.7,-0.026111235248342277
3.71,-0.02611123524834826
3.7199999999999998,-0.026111235248353744
3.7300000000000004,-0.026111235248349178
3.74,-0.026111235248342277
3.75,-0.02611123524834826
3.76,-0.026111235248353744
3.7700000000000005,-0.026111235248349178
3.7800000000000002,-0.026111235248342277
3.79,-0.02611123524834826
3.8,-0.026111235248353744
3.8100000000000005,-0.026111235248349178
3.8200000000000003,-0.026111235248342277
3.83,-0.02611123524834826
3.84,-0.026111235248353744
3.8500000000000005,-0.026111235248349178
3.8600000000000003,-0.026111235248342277
3.87,-0.02611123524834826
3.88,-0.026111235248353744
3.8900000000000006,-0.026111235248349178
3.9000000000000004,-0.026111235248342277
3.91,-0.02611123524834826
3.92,-0.026111235248353744
3.9299999999999997,-0.026111235248349178
3.9400000000000004,-0.026111235248342277
3.95,-0.02611123524834826
3.96,-0.026111235248353744
3.9699999999999998,-0.026111235248349178
3.9800000000000004,-0.026111235248342277
3.99,-0.02611123524834826
4.,-0.026111235248353744
4.01,-0.026111235248349178
4.0200000000000005,-0.026111235248342277
4.03,-0.02611123524834826
4.04,-0.026111235248353744
4.05,-0.026111235248349178
4.0600000000000005,-0.026111235248342277
4.07,-0.02611123524834826
4.08,-0.026111235248353744
4.09,-0.026111235248349178
4.1000000000000005,-0.026111235248342277
4.11,-0.02611123524834826
4.12,-0.026111235248353744
4.13,-0.026111235248349178
4.140000000000001,-0.026111235248342277
4.15,-0.02611123524834826
4.16,-0.026111235248353744
4.17,-0.026111235248349178
4.18,-0.026111235248342277
4.19,-0.02611123524834826
4.2,-0.026111235248353744
4.21,-0.026111235248349178
4.22,-0.026111235248342277
4.23,-0.02611123524834826
4.24,-0.026111235248353744
4.25,-0.026111235248349178
4.26,-0.026111235248342277
4.2700000000000005,-0.02611123524834826
4.28,-0.026111235248353744
4.29,-0.026111235248349178
4.3,-0.026111235248342277
4.3100000000000005,-0.02611123524834826
4.32,-0.026111235248353744
4.33,-0.026111235248349178
4.34,-0.026111235248342277
4.3500000000000005,-0.02611123524834826
4.36,-0.026111235248353744
4.37,-0.02611123524835245
4.38,-0.026111235248342277
4.390000000000001,-0.02611123524834826
4.4,-0.026111235248353744
4.41,-0.026111235248349178
4.42,-0.026111235248342277
4.43,-0.02611123524834826
4.44,-0.026111235248353744
4.45,-0.026111235248349178
4.46,-0.026111235248342277
4.47,-0.02611123524834826
4.48,-0.026111235248353744
4.49,-0.026111235248349178
4.5,-0.026111235248342277
4.51,-0.02611123524834826
4.5200000000000005,-0.026111235248353744
4.53,-0.026111235248349178
4.54,-0.026111235248342277
4.55,-0.02611123524834826
4.5600000000000005,-0.026111235248353744
4.57,-0.026111235248349178
4.58,-0.026111235248342277
4.59,-0.02611123524834826
4.6000000000000005,-0.026111235248353744
4.61,-0.026111235248349178
4.62,-0.026111235248342277
4.63,-0.02611123524834826
4.640000000000001,-0.026111235248353744
4.65,-0.026111235248349178
4.66,-0.026111235248342277
4.67,-0.02611123524834826
4.68,-0.026111235248353744
4.69,-0.026111235248349178
4.7,-0.026111235248342277
4.71,-0.02611123524834826
4.72,-0.026111235248353744
4.73,-0.026111235248349178
4.74,-0.026111235248342277
4.75,-0.02611123524834826
4.76,-0.026111235248353744
4.7700000000000005,-0.026111235248349178
4.78,-0.026111235248342277
4.79,-0.02611123524834826
4.8,-0.026111235248353744
4.8100000000000005,-0.026111235248349178
4.82,-0.026111235248342277
4.83,-0.02611123524834826
4.84,-0.026111235248353744
4.8500000000000005,-0.026111235248349178
4.86,-0.026111235248342277
4.87,-0.02611123524834826
4.88,-0.026111235248353744
4.890000000000001,-0.026111235248349178
4.9,-0.026111235248342277
4.91,-0.02611123524834826
4.92,-0.026111235248353744
4.930000000000001,-0.026111235248349178
4.94,-0.026111235248342277
4.95,-0.02611123524834826
4.96,-0.026111235248353744
4.97,-0.026111235248349178
4.98,-0.026111235248342277
4.99,-0.02611123524834826
5.,-0.026111235248353744
5.01,-0.026111235248349178
5.02,-0.026111235248342277
5.029999999999999,-0.02611123524834826
5.040000000000001,-0.026111235248353744
5.050000000000001,-0.026111235248349178
5.0600000000000005,-0.026111235248342277
5.07,-0.02611123524834826
5.08,-0.026111235248353744
5.09,-0.026111235248349178
5.1,-0.026111235248342277
5.109999999999999,-0.02611123524834826
5.120000000000001,-0.026111235248353744
5.130000000000001,-0.026111235248349178
5.140000000000001,-0.026111235248342277
5.15,-0.02611123524834826
5.16,-0.026111235248353744
5.17,-0.026111235248349178
5.18,-0.026111235248342277
5.1899999999999995,-0.02611123524834826
5.199999999999999,-0.026111235248353744
5.210000000000001,-0.026111235248349178
5.220000000000001,-0.026111235248342277
5.23,-0.02611123524834826
5.24,-0.026111235248353744
5.25,-0.026111235248349178
5.26,-0.026111235248342277
5.27,-0.02611123524834826
5.279999999999999,-0.026111235248353744
5.290000000000001,-0.026111235248349178
5.300000000000001,-0.026111235248342277
5.3100000000000005,-0.02611123524834826
5.32,-0.026111235248353744
5.33,-0.026111235248349178
5.34,-0.026111235248342277
5.35,-0.02611123524834826
5.359999999999999,-0.026111235248353744
5.370000000000001,-0.026111235248349178
5.380000000000001,-0.026111235248342277
5.390000000000001,-0.02611123524834826
5.4,-0.026111235248359174
5.41,-0.026111235248349178
5.42,-0.026111235248342277
5.43,-0.02611123524834826
5.4399999999999995,-0.026111235248353744
5.449999999999999,-0.026111235248349178
5.460000000000001,-0.026111235248342277
5.470000000000001,-0.02611123524834826
5.48,-0.026111235248353744
5.49,-0.026111235248349178
5.5,-0.026111235248342277
5.51,-0.02611123524834826
5.52,-0.026111235248353744
5.529999999999999,-0.026111235248349178
5.540000000000001,-0.026111235248342277
5.550000000000001,-0.02611123524834826
5.5600000000000005,-0.026111235248353744
5.57,-0.026111235248349178
5.58,-0.026111235248342277
5.59,-0.02611123524834826
5.6,-0.026111235248353744
5.609999999999999,-0.026111235248349178
5.620000000000001,-0.026111235248342277
5.630000000000001,-0.02611123524834826
5.640000000000001,-0.026111235248353744
5.65,-0.026111235248349178
5.66,-0.026111235248342277
5.67,-0.02611123524834826
5.68,-0.026111235248353744
5.6899999999999995,-0.026111235248349178
5.700000000000001,-0.026111235248342277
5.710000000000001,-0.02611123524834826
5.720000000000001,-0.026111235248353744
5.73,-0.026111235248349178
5.74,-0.026111235248342277
5.75,-0.02611123524834826
5.76,-0.026111235248353744
5.77,-0.026111235248349178
5.779999999999999,-0.026111235248342277
5.790000000000001,-0.02611123524834826
5.800000000000001,-0.026111235248353744
5.8100000000000005,-0.026111235248349178
5.82,-0.026111235248342277
5.83,-0.02611123524834826
5.84,-0.026111235248353744
5.85,-0.026111235248349178
5.859999999999999,-0.026111235248342277
5.870000000000001,-0.02611123524834826
5.880000000000001,-0.026111235248353744
5.890000000000001,-0.026111235248349178
5.9,-0.026111235248342277
5.91,-0.02611123524834826
5.92,-0.026111235248353744
5.93,-0.026111235248349178
5.9399999999999995,-0.026111235248342277
5.950000000000001,-0.02611123524834826
5.960000000000001,-0.026111235248353744
5.970000000000001,-0.026111235248349178
5.98,-0.026111235248342277
5.99,-0.02611123524834826
6.,-0.026111235248353744
6.01,-0.026111235248349178
6.02,-0.026111235248342277
6.029999999999999,-0.02611123524834826
6.040000000000001,-0.026111235248353744
6.050000000000001,-0.026111235248349178
6.0600000000000005,-0.026111235248342277
6.07,-0.02611123524834826
6.08,-0.026111235248353744
6.09,-0.026111235248349178
6.1,-0.026111235248342277
6.109999999999999,-0.02611123524834826
6.120000000000001,-0.026111235248353744
6.130000000000001,-0.026111235248349178
6.140000000000001,-0.026111235248342277
6.15,-0.02611123524834826
6.16,-0.026111235248353744
6.17,-0.026111235248349178
6.18,-0.026111235248342277
6.1899999999999995,-0.02611123524834826
6.200000000000001,-0.026111235248353744
6.210000000000001,-0.026111235248349178
6.220000000000001,-0.026111235248342277
6.23,-0.02611123524834826
6.24,-0.026111235248353744
6.25,-0.026111235248349178
6.26,-0.026111235248342277
6.27,-0.02611123524834826
6.279999999999999,-0.026111235248353744
6.290000000000001,-0.026111235248349178
6.300000000000001,-0.026111235248342277
6.3100000000000005,-0.02611123524834826
6.32,-0.026111235248353744
6.33,-0.026111235248349178
6.34,-0.026111235248342277
6.35,-0.02611123524834826
6.359999999999999,-0.026111235248353744
6.370000000000001,-0.026111235248349178
6.380000000000001,-0.026111235248342277
6.390000000000001,-0.02611123524834826
6.4,-0.026111235248353744
6.41,-0.026111235248349178
6.42,-0.02611123524834229
6.43,-0.02611123524834826
6.4399999999999995,-0.026111235248353744
6.450000000000001,-0.026111235248349178
6.460000000000001,-0.026111235248342277
6.470000000000001,-0.02611123524834826
6.48,-0.026111235248353744
6.49,-0.026111235248349178
6.5,-0.026111235248342277
6.51,-0.02611123524834826
6.52,-0.026111235248353744
6.529999999999999,-0.026111235248349178
6.540000000000001,-0.026111235248342277
6.550000000000001,-0.02611123524834826
6.5600000000000005,-0.026111235248353744
6.57,-0.026111235248349178
6.58,-0.026111235248342277
6.59,-0.02611123524834826
6.6,-0.026111235248353744
6.609999999999999,-0.026111235248349178
6.620000000000001,-0.026111235248342277
6.630000000000001,-0.02611123524834826
6.640000000000001,-0.026111235248353744
6.65,-0.026111235248349178
6.66,-0.026111235248342277
6.67,-0.02611123524834826
6.68,-0.026111235248353744
6.6899999999999995,-0.026111235248349178
6.700000000000001,-0.026111235248342277
6.710000000000001,-0.02611123524834826
6.720000000000001,-0.026111235248353744
6.73,-0.026111235248349178
6.74,-0.026111235248342277
6.75,-0.02611123524834826
6.76,-0.026111235248353744
6.77,-0.026111235248349178
6.779999999999999,-0.026111235248342277
6.790000000000001,-0.02611123524834826
6.800000000000001,-0.026111235248353744
6.8100000000000005,-0.026111235248349178
6.82,-0.026111235248342277
6.83,-0.02611123524834826
6.84,-0.026111235248353744
6.85,-0.026111235248349178
6.859999999999999,-0.026111235248342277
6.870000000000001,-0.02611123524834826
6.880000000000001,-0.026111235248353744
6.890000000000001,-0.026111235248349178
6.9,-0.026111235248342277
6.91,-0.02611123524834826
6.92,-0.026111235248353744
6.93,-0.026111235248349178
6.9399999999999995,-0.026111235248342277
6.950000000000001,-0.02611123524834826
6.960000000000001,-0.026111235248353744
6.970000000000001,-0.026111235248349178
6.98,-0.026111235248342277
6.99,-0.02611123524834826
7.,-0.026111235248353744
7.01,-0.026111235248349178
7.02,-0.026111235248342277
7.029999999999999,-0.02611123524834826
7.040000000000001,-0.026111235248353744
7.050000000000001,-0.026111235248349178
7.0600000000000005,-0.026111235248342277
7.07,-0.02611123524834826
7.08,-0.026111235248353744
7.09,-0.026111235248349178
7.1,-0.026111235248342277
7.109999999999999,-0.02611123524834826
7.120000000000001,-0.026111235248353744
7.130000000000001,-0.026111235248349178
7.140000000000001,-0.026111235248342277
7.15,-0.02611123524834826
7.16,-0.026111235248353744
7.17,-0.026111235248349178
7.18,-0.026111235248342277
7.1899999999999995,-0.02611123524834826
7.200000000000001,-0.026111235248353744
7.210000000000001,-0.026111235248349178
7.220000000000001,-0.026111235248342277
7.23,-0.02611123524834826
7.24,-0.026111235248353744
7.25,-0.026111235248349178
7.26,-0.026111235248342277
7.27,-0.02611123524834826
7.279999999999999,-0.026111235248353744
7.290000000000001,-0.026111235248349178
7.300000000000001,-0.026111235248342277
7.3100000000000005,-0.02611123524834826
7.32,-0.026111235248353744
7.33,-0.026111235248349178
7.34,-0.026111235248342277
7.35,-0.02611123524834826
7.359999999999999,-0.026111235248353744
7.370000000000001,-0.026111235248349178
7.380000000000001,-0.026111235248342277
7.390000000000001,-0.02611123524834826
7.4,-0.026111235248353744
7.41,-0.026111235248349178
7.42,-0.026111235248342277
7.43,-0.02611123524834826
7.4399999999999995,-0.026111235248353744
7.450000000000001,-0.02611123524835245
7.460000000000001,-0.026111235248342277
7.470000000000001,-0.02611123524834826
7.48,-0.026111235248353744
7.49,-0.026111235248349178
7.5,-0.026111235248342277
7.51,-0.02611123524834826
7.52,-0.026111235248353744
7.529999999999999,-0.026111235248349178
7.540000000000001,-0.026111235248342277
7.550000000000001,-0.02611123524834826
7.5600000000000005,-0.026111235248353744
7.57,-0.026111235248349178
7.58,-0.026111235248342277
7.59,-0.02611123524834826
7.6,-0.026111235248353744
7.609999999999999,-0.026111235248349178
7.620000000000001,-0.026111235248342277
7.630000000000001,-0.02611123524834826
7.640000000000001,-0.026111235248353744
7.65,-0.026111235248349178
7.66,-0.026111235248342277
7.67,-0.02611123524834826
7.68,-0.026111235248353744
7.6899999999999995,-0.026111235248349178
7.700000000000001,-0.026111235248342277
7.710000000000001,-0.02611123524834826
7.720000000000001,-0.026111235248353744
7.73,-0.026111235248349178
7.74,-0.026111235248342277
7.75,-0.02611123524834826
7.76,-0.026111235248353744
7.77,-0.026111235248349178
7.779999999999999,-0.026111235248342277
7.790000000000001,-0.02611123524834826
7.800000000000001,-0.026111235248353744
7.8100000000000005,-0.026111235248349178
7.82,-0.026111235248342277
7.83,-0.02611123524834826
7.84,-0.026111235248353744
7.85,-0.026111235248349178
7.859999999999999,-0.026111235248342277
7.870000000000001,-0.02611123524834826
7.880000000000001,-0.026111235248353744
7.890000000000001,-0.026111235248349178
7.9,-0.026111235248342277
7.91,-0.02611123524834826
7.92,-0.026111235248353744
7.93,-0.026111235248349178
7.9399999999999995,-0.026111235248342277
7.950000000000001,-0.02611123524834826
7.960000000000001,-0.026111235248353744
7.970000000000001,-0.026111235248349178
7.98,-0.026111235248342277
7.99,-0.02611123524834826
8.,-0.026111235248359174
8.01,-0.026111235248345903
8.02,-0.02611123524834229
8.03,-0.0261112352483511
8.040000000000001,-0.026111235248348318
8.05,-0.02611123524835245
8.06,-0.026111235248342263
8.07,-0.02611123524834542
8.08,-0.026111235248359174
8.09,-0.026111235248345903
8.1,-0.02611123524834229
8.11,-0.0261112352483511
8.120000000000001,-0.026111235248348318
8.13,-0.02611123524835245
8.14,-0.026111235248342263
8.15,-0.02611123524834542
8.16,-0.026111235248359174
8.17,-0.026111235248345903
8.18,-0.02611123524834229
8.19,-0.0261112352483511
8.200000000000001,-0.026111235248348318
8.21,-0.02611123524835245
8.22,-0.026111235248342263
8.23,-0.02611123524834542
8.24,-0.026111235248359174
8.25,-0.026111235248345903
8.26,-0.02611123524834229
8.27,-0.0261112352483511
8.28,-0.026111235248348318
8.290000000000001,-0.02611123524835245
8.3,-0.026111235248342263
8.31,-0.02611123524834542
8.32,-0.026111235248359174
8.33,-0.026111235248345903
8.34,-0.02611123524834229
8.35,-0.0261112352483511
8.36,-0.026111235248348318
8.370000000000001,-0.02611123524835245
8.38,-0.026111235248342263
8.39,-0.02611123524834542
8.4,-0.026111235248359174
8.41,-0.026111235248345903
8.42,-0.02611123524834229
8.43,-0.0261112352483511
8.44,-0.026111235248348318
8.450000000000001,-0.02611123524835245
8.46,-0.026111235248342263
8.47,-0.02611123524834542
8.48,-0.026111235248359174
8.49,-0.026111235248345903
8.5,-0.02611123524834229
8.51,-0.0261112352483511
8.52,-0.026111235248348318
8.53,-0.02611123524835245
8.540000000000001,-0.026111235248342263
8.55,-0.02611123524834542
8.56,-0.026111235248359174
8.57,-0.026111235248345903
8.58,-0.02611123524834229
8.59,-0.0261112352483511
8.6,-0.026111235248348318
8.61,-0.02611123524835245
8.620000000000001,-0.026111235248342263
8.63,-0.02611123524834542
8.64,-0.026111235248359174
8.65,-0.026111235248345903
8.66,-0.02611123524834229
8.67,-0.0261112352483511
8.68,-0.026111235248348318
8.69,-0.02611123524835245
8.700000000000001,-0.026111235248342263
8.71,-0.02611123524834542
8.72,-0.026111235248359174
8.73,-0.026111235248345903
8.74,-0.02611123524834229
8.75,-0.0261112352483511
8.76,-0.026111235248348318
8.77,-0.02611123524835245
8.78,-0.026111235248342263
8.790000000000001,-0.02611123524834542
8.8,-0.026111235248359174
8.81,-0.026111235248345903
8.82,-0.02611123524834229
8.83,-0.0261112352483511
8.84,-0.026111235248348318
8.85,-0.02611123524835245
8.86,-0.026111235248342263
8.870000000000001,-0.02611123524834542
8.88,-0.026111235248359174
8.89,-0.026111235248345903
8.9,-0.02611123524834229
8.91,-0.0261112352483511
8.92,-0.026111235248348318
8.93,-0.02611123524835245
8.94,-0.026111235248342263
8.950000000000001,-0.02611123524834542
8.96,-0.026111235248359174
8.97,-0.026111235248345903
8.98,-0.02611123524834229
8.99,-0.02611123524834542
9.,-0.026111235248359174
9.01,-0.026111235248345903
9.02,-0.02611123524834229
9.030000000000001,-0.0261112352483511
9.040000000000001,-0.026111235248348318
9.05,-0.02611123524835245
9.06,-0.026111235248342263
9.07,-0.02611123524834542
9.08,-0.026111235248359174
9.09,-0.026111235248345903
9.1,-0.02611123524834229
9.11,-0.0261112352483511
9.120000000000001,-0.026111235248348318
9.13,-0.02611123524835245
9.14,-0.026111235248342263
9.15,-0.02611123524834542
9.16,-0.026111235248359174
9.17,-0.026111235248345903
9.18,-0.02611123524834229
9.19,-0.0261112352483511
9.200000000000001,-0.026111235248348318
9.21,-0.02611123524835245
9.22,-0.026111235248342263
9.23,-0.02611123524834542
9.24,-0.026111235248359174
9.25,-0.026111235248345903
9.26,-0.02611123524834229
9.27,-0.0261112352483511
9.280000000000001,-0.026111235248348318
9.290000000000001,-0.02611123524835245
9.3,-0.026111235248342263
9.31,-0.02611123524833732
9.32,-0.026111235248343686
9.33,-0.02611123524833657
9.34,-0.02611123524834225
9.35,-0.026111235248343
9.36,-0.026111235248332833
9.370000000000001,-0.026111235248343113
9.38,-0.026111235248342222
9.39,-0.02611123524833732
9.4,-0.026111235248343686
9.41,-0.02611123524833657
9.42,-0.02611123524834225
9.43,-0.026111235248343
9.44,-0.026111235248332833
9.450000000000001,-0.026111235248343113
9.46,-0.026111235248342222
9.47,-0.02611123524833732
9.48,-0.026111235248343686
9.49,-0.02611123524833657
9.5,-0.02611123524834225
9.51,-0.026111235248343
9.52,-0.026111235248332833
9.530000000000001,-0.026111235248343113
9.540000000000001,-0.026111235248342222
9.55,-0.02611123524833732
9.56,-0.026111235248343686
9.57,-0.02611123524833657
9.58,-0.02611123524834225
9.59,-0.026111235248343
9.6,-0.026111235248332833
9.61,-0.026111235248343113
9.620000000000001,-0.026111235248342222
9.63,-0.02611123524833732
9.64,-0.026111235248343686
9.65,-0.02611123524833657
9.66,-0.02611123524834225
9.67,-0.026111235248343
9.68,-0.026111235248332833
9.69,-0.026111235248343113
9.700000000000001,-0.026111235248342222
9.71,-0.02611123524833732
9.72,-0.026111235248343686
9.73,-0.02611123524833657
9.74,-0.02611123524834225
9.75,-0.026111235248343
9.76,-0.026111235248332833
9.77,-0.026111235248343113
9.780000000000001,-0.026111235248342222
9.790000000000001,-0.02611123524833732
9.8,-0.026111235248343686
9.81,-0.02611123524833657
9.82,-0.02611123524834225
9.83,-0.026111235248343
9.84,-0.026111235248332833
9.85,-0.026111235248343113
9.86,-0.026111235248342222
9.870000000000001,-0.02611123524833732
9.88,-0.026111235248343686
9.89,-0.02611123524833657
9.9,-0.02611123524834225
9.91,-0.026111235248343
9.92,-0.026111235248332833
9.93,-0.026111235248343113
9.94,-0.026111235248342222
9.950000000000001,-0.02611123524833732
9.96,-0.026111235248343686
9.97,-0.02611123524833657
9.98,-0.02611123524834225
9.99,-0.026111235248343
10.,-0.026111235248343686
10.01,-0.02611123524833657
10.02,-0.02611123524834225
10.030000000000001,-0.026111235248343
10.040000000000001,-0.026111235248332833
10.05,-0.026111235248343113
10.06,-0.026111235248342222
10.07,-0.02611123524833732
10.08,-0.026111235248343686
10.09,-0.02611123524833657
10.1,-0.02611123524834225
10.11,-0.026111235248343
10.120000000000001,-0.026111235248332833
10.13,-0.026111235248343113
10.14,-0.026111235248342222
10.15,-0.02611123524833732
10.16,-0.026111235248343686
10.17,-0.02611123524833657
10.18,-0.02611123524834225
10.19,-0.026111235248343
10.200000000000001,-0.026111235248332833
10.21,-0.026111235248343113
10.22,-0.026111235248342222
10.23,-0.02611123524833732
10.24,-0.026111235248343686
10.25,-0.02611123524833657
10.26,-0.02611123524834225
10.27,-0.026111235248343
10.280000000000001,-0.026111235248332833
10.290000000000001,-0.026111235248343113
10.3,-0.026111235248342222
10.31,-0.02611123524833732
10.32,-0.026111235248343686
10.33,-0.02611123524833657
10.34,-0.02611123524834225
10.35,-0.026111235248343
10.36,-0.026111235248332833
10.370000000000001,-0.026111235248343113
10.38,-0.026111235248342222
10.39,-0.02611123524833732
10.4,-0.026111235248343686
10.41,-0.02611123524833657
10.42,-0.02611123524834225
10.43,-0.026111235248343
10.44,-0.026111235248332833
10.450000000000001,-0.026111235248343113
10.46,-0.026111235248342222
10.47,-0.02611123524833732
10.48,-0.026111235248343686
10.49,-0.02611123524833657
10.5,-0.02611123524834225
10.51,-0.026111235248343
10.52,-0.026111235248332833
10.530000000000001,-0.026111235248343113
10.540000000000001,-0.026111235248342222
10.55,-0.02611123524833732
10.56,-0.026111235248343686
10.57,-0.02611123524833657
10.58,-0.02611123524834225
10.59,-0.026111235248343
10.6,-0.026111235248332833
10.61,-0.026111235248343113
10.620000000000001,-0.026111235248342222
10.63,-0.02611123524833732
10.64,-0.026111235248343686
10.65,-0.02611123524833657
10.66,-0.02611123524834225
10.67,-0.026111235248343
10.68,-0.026111235248332833
10.69,-0.026111235248343113
10.700000000000001,-0.026111235248342222
10.71,-0.02611123524833732
10.72,-0.026111235248343686
10.73,-0.02611123524833657
10.74,-0.02611123524834225
10.75,-0.026111235248343
10.76,-0.026111235248332833
10.77,-0.026111235248343113
10.780000000000001,-0.026111235248342222
10.790000000000001,-0.02611123524833732
10.8,-0.026111235248343686
10.81,-0.02611123524833657
10.82,-0.02611123524834225
10.83,-0.026111235248343
10.84,-0.026111235248332833
10.85,-0.026111235248343113
10.86,-0.026111235248342222
10.870000000000001,-0.02611123524833732
10.88,-0.026111235248343686
10.89,-0.02611123524833657
10.9,-0.02611123524834225
10.91,-0.026111235248343
10.92,-0.026111235248332833
10.93,-0.026111235248343113
10.94,-0.026111235248342222
10.950000000000001,-0.02611123524833732
10.96,-0.026111235248343686
10.97,-0.02611123524833657
10.98,-0.02611123524834225
10.99,-0.026111235248343
11.,-0.026111235248332833
11.01,-0.026111235248343113
11.02,-0.026111235248342222
11.030000000000001,-0.026111235248343
11.040000000000001,-0.026111235248332833
11.05,-0.026111235248343113
11.06,-0.026111235248342222
11.07,-0.02611123524833732
11.08,-0.026111235248343686
11.09,-0.02611123524833657
11.1,-0.02611123524834225
11.11,-0.026111235248343
11.120000000000001,-0.026111235248332833
11.13,-0.026111235248343113
11.14,-0.026111235248342222
11.15,-0.02611123524833732
11.16,-0.026111235248343686
11.17,-0.02611123524833657
11.18,-0.02611123524834225
11.19,-0.026111235248343
11.200000000000001,-0.026111235248332833
11.21,-0.026111235248343113
11.22,-0.026111235248342222
11.23,-0.02611123524833732
11.24,-0.026111235248343686
11.25,-0.02611123524833657
11.26,-0.02611123524834225
11.27,-0.026111235248343
11.280000000000001,-0.026111235248332833
11.290000000000001,-0.026111235248343113
11.3,-0.026111235248342222
11.31,-0.02611123524833732
11.32,-0.026111235248343686
11.33,-0.02611123524833657
11.34,-0.02611123524834225
11.35,-0.026111235248343
11.36,-0.026111235248332833
11.370000000000001,-0.026111235248343113
11.38,-0.026111235248342222
11.39,-0.02611123524833732
11.4,-0.026111235248343686
11.41,-0.02611123524833657
11.42,-0.02611123524834225
11.43,-0.026111235248343
11.44,-0.026111235248332833
11.450000000000001,-0.026111235248343113
11.46,-0.026111235248342222
11.47,-0.02611123524833732
11.48,-0.026111235248343686
11.49,-0.02611123524833657
11.5,-0.02611123524834225
11.51,-0.026111235248343
11.52,-0.026111235248332833
11.530000000000001,-0.026111235248343113
11.540000000000001,-0.026111235248342222
11.55,-0.02611123524833732
11.56,-0.026111235248343686
11.57,-0.02611123524833657
11.58,-0.02611123524834225
11.59,-0.026111235248343
11.6,-0.026111235248332833
11.61,-0.026111235248343113
11.620000000000001,-0.026111235248342222
11.63,-0.02611123524833732
11.64,-0.026111235248343686
11.65,-0.02611123524833657
11.66,-0.02611123524834225
11.67,-0.026111235248343
11.68,-0.026111235248332833
11.69,-0.026111235248343113
11.700000000000001,-0.026111235248342222
11.71,-0.02611123524833732
11.72,-0.026111235248343686
11.73,-0.02611123524833657
11.74,-0.02611123524834225
11.75,-0.026111235248343
11.76,-0.026111235248332833
11.77,-0.026111235248343113
11.780000000000001,-0.026111235248342222
11.790000000000001,-0.02611123524833732
11.8,-0.026111235248343686
11.81,-0.02611123524833657
11.82,-0.02611123524834225
11.83,-0.026111235248343
11.84,-0.026111235248332833
11.85,-0.026111235248343113
11.86,-0.026111235248342222
11.870000000000001,-0.02611123524833732
11.88,-0.026111235248343686
11.89,-0.02611123524833657
11.9,-0.02611123524834225
11.91,-0.026111235248343
11.92,-0.026111235248332833
11.93,-0.026111235248343113
11.94,-0.026111235248342222
11.950000000000001,-0.02611123524833732
11.96,-0.026111235248343686
11.97,-0.02611123524833657
11.98,-0.02611123524834225
11.99,-0.026111235248343
12.,-0.026111235248332833
12.01,-0.026111235248343113
12.02,-0.026111235248342222
12.030000000000001,-0.02611123524833732
12.040000000000001,-0.026111235248343686
12.05,-0.02611123524833657
12.06,-0.02611123524834225
12.07,-0.02611123524833732
12.08,-0.026111235248343686
12.09,-0.02611123524833657
12.1,-0.02611123524834225
12.11,-0.026111235248343
12.120000000000001,-0.026111235248332833
12.13,-0.026111235248343113
12.14,-0.026111235248342222
12.15,-0.02611123524833732
12.16,-0.026111235248343686
12.17,-0.02611123524833657
12.18,-0.02611123524834225
12.19,-0.026111235248343
12.200000000000001,-0.026111235248332833
12.21,-0.026111235248343113
12.22,-0.026111235248342222
12.23,-0.02611123524833732
12.24,-0.026111235248343686
12.25,-0.02611123524833657
12.26,-0.02611123524834225
12.27,-0.026111235248343
12.280000000000001,-0.026111235248332833
12.290000000000001,-0.026111235248343113
12.3,-0.026111235248342222
12.31,-0.02611123524833732
12.32,-0.026111235248343686
12.33,-0.02611123524833657
12.34,-0.02611123524834225
12.35,-0.026111235248343
12.36,-0.026111235248332833
12.370000000000001,-0.026111235248343113
12.38,-0.026111235248342222
12.39,-0.02611123524833732
12.4,-0.026111235248343686
12.41,-0.02611123524833657
12.42,-0.02611123524834225
12.43,-0.026111235248343
12.44,-0.026111235248332833
12.450000000000001,-0.026111235248343113
12.46,-0.026111235248342222
12.47,-0.02611123524833732
12.48,-0.026111235248343686
12.49,-0.02611123524833657
12.5,-0.02611123524834225
12.51,-0.026111235248343
12.52,-0.026111235248332833
12.530000000000001,-0.026111235248343113
12.540000000000001,-0.026111235248342222
12.55,-0.02611123524833732
12.56,-0.026111235248343686
12.57,-0.02611123524833657
12.58,-0.02611123524834225
12.59,-0.026111235248343
12.6,-0.026111235248332833
12.610000000000001,-0.026111235248343113
12.620000000000001,-0.026111235248342222
12.63,-0.02611123524833732
12.64,-0.026111235248343686
12.65,-0.02611123524833657
12.66,-0.02611123524834225
12.67,-0.026111235248343
12.68,-0.026111235248332833
12.69,-0.026111235248343113
12.700000000000001,-0.026111235248342222
12.71,-0.02611123524833732
12.72,-0.026111235248343686
12.73,-0.02611123524833657
12.74,-0.02611123524834225
12.75,-0.026111235248343
12.76,-0.026111235248332833
12.77,-0.026111235248343113
12.780000000000001,-0.026111235248342222
12.790000000000001,-0.02611123524833732
12.8,-0.026111235248343686
12.81,-0.02611123524833657
12.82,-0.02611123524834225
12.83,-0.026111235248343
12.84,-0.026111235248332833
12.85,-0.026111235248343113
12.860000000000001,-0.026111235248342222
12.870000000000001,-0.02611123524833732
12.88,-0.026111235248343686
12.89,-0.02611123524833657
12.9,-0.02611123524834225
12.91,-0.026111235248343
12.92,-0.026111235248332833
12.93,-0.026111235248343113
12.94,-0.026111235248342222
12.950000000000001,-0.02611123524833732
12.96,-0.026111235248343686
12.97,-0.02611123524833657
12.98,-0.02611123524834225
12.99,-0.026111235248343
13.,-0.026111235248332833
13.010000000000002,-0.026111235248343113
13.02,-0.026111235248342222
13.030000000000001,-0.02611123524833732
13.04,-0.026111235248343686
13.05,-0.02611123524833657
13.059999999999999,-0.02611123524834225
13.07,-0.026111235248343
13.080000000000002,-0.026111235248343686
13.09,-0.02611123524833657
13.100000000000001,-0.02611123524834225
13.11,-0.026111235248343
13.120000000000001,-0.026111235248332833
13.129999999999999,-0.026111235248343113
13.14,-0.026111235248342222
13.149999999999999,-0.02611123524833732
13.16,-0.026111235248343686
13.170000000000002,-0.02611123524833657
13.18,-0.02611123524834225
13.190000000000001,-0.026111235248343
13.2,-0.026111235248332833
13.21,-0.026111235248343113
13.219999999999999,-0.026111235248342222
13.23,-0.02611123524833732
13.240000000000002,-0.026111235248343686
13.25,-0.02611123524833657
13.260000000000002,-0.02611123524834225
13.27,-0.026111235248343
13.280000000000001,-0.026111235248332833
13.29,-0.026111235248343113
13.3,-0.026111235248342222
13.309999999999999,-0.02611123524833732
13.32,-0.026111235248343686
13.330000000000002,-0.02611123524833657
13.34,-0.02611123524834225
13.350000000000001,-0.026111235248343
13.36,-0.026111235248332833
13.370000000000001,-0.026111235248343113
13.379999999999999,-0.026111235248342222
13.39,-0.02611123524833732
13.399999999999999,-0.026111235248343686
13.41,-0.02611123524833657
13.420000000000002,-0.02611123524834225
13.43,-0.026111235248343
13.440000000000001,-0.026111235248332833
13.45,-0.026111235248343113
13.46,-0.026111235248342222
13.469999999999999,-0.02611123524833732
13.48,-0.026111235248343686
13.490000000000002,-0.02611123524833657
13.5,-0.02611123524834225
13.510000000000002,-0.026111235248343
13.52,-0.026111235248332833
13.530000000000001,-0.026111235248343113
13.54,-0.026111235248342222
13.55,-0.02611123524833732
13.559999999999999,-0.026111235248343686
13.57,-0.02611123524833657
13.580000000000002,-0.02611123524834225
13.59,-0.026111235248343
13.600000000000001,-0.026111235248332833
13.61,-0.026111235248343113
13.620000000000001,-0.026111235248342222
13.629999999999999,-0.02611123524833732
13.64,-0.026111235248343686
13.649999999999999,-0.02611123524833657
13.66,-0.02611123524834225
13.670000000000002,-0.026111235248343
13.68,-0.026111235248332833
13.690000000000001,-0.026111235248343113
13.7,-0.026111235248342222
13.71,-0.02611123524833732
13.719999999999999,-0.026111235248343686
13.73,-0.02611123524833657
13.740000000000002,-0.02611123524834225
13.75,-0.026111235248343
13.760000000000002,-0.026111235248332833
13.77,-0.026111235248343113
13.780000000000001,-0.026111235248342222
13.79,-0.02611123524833732
13.8,-0.026111235248343686
13.809999999999999,-0.02611123524833657
13.82,-0.02611123524834225
13.830000000000002,-0.026111235248343
13.84,-0.026111235248332833
13.850000000000001,-0.026111235248343113
13.86,-0.026111235248342222
13.870000000000001,-0.02611123524833732
13.879999999999999,-0.026111235248343686
13.89,-0.02611123524833657
13.899999999999999,-0.02611123524834225
13.91,-0.026111235248343
13.920000000000002,-0.026111235248332833
13.93,-0.026111235248343113
13.940000000000001,-0.026111235248342222
13.95,-0.02611123524833732
13.96,-0.026111235248343686
13.969999999999999,-0.02611123524833657
13.98,-0.02611123524834225
13.990000000000002,-0.026111235248343
14.,-0.026111235248332833
14.010000000000002,-0.026111235248343113
14.02,-0.026111235248342222
14.030000000000001,-0.02611123524833732
14.04,-0.026111235248343686
14.05,-0.02611123524833657
14.059999999999999,-0.02611123524834225
14.07,-0.026111235248343
14.080000000000002,-0.026111235248332833
14.09,-0.026111235248343113
14.100000000000001,-0.02611123524834225
14.11,-0.026111235248343
14.120000000000001,-0.026111235248332833
14.129999999999999,-0.026111235248343113
14.14,-0.026111235248342222
14.150000000000002,-0.02611123524833732
14.16,-0.026111235248343686
14.170000000000002,-0.02611123524833657
14.18,-0.02611123524834225
14.190000000000001,-0.026111235248343
14.2,-0.026111235248332833
14.21,-0.026111235248343113
14.219999999999999,-0.026111235248342222
14.23,-0.02611123524833732
14.240000000000002,-0.026111235248343686
14.25,-0.02611123524833657
14.260000000000002,-0.02611123524834225
14.27,-0.026111235248343
14.280000000000001,-0.026111235248332833
14.29,-0.026111235248343113
14.3,-0.026111235248342222
14.309999999999999,-0.02611123524833732
14.32,-0.026111235248343686
14.330000000000002,-0.02611123524833657
14.34,-0.02611123524834225
14.350000000000001,-0.026111235248343
14.36,-0.026111235248332833
14.370000000000001,-0.026111235248343113
14.379999999999999,-0.026111235248342222
14.39,-0.02611123524833732
14.400000000000002,-0.026111235248343686
14.41,-0.02611123524833657
14.420000000000002,-0.02611123524834225
14.43,-0.026111235248343
14.440000000000001,-0.026111235248332833
14.45,-0.026111235248343113
14.46,-0.026111235248342222
14.469999999999999,-0.02611123524833732
14.48,-0.026111235248343686
14.490000000000002,-0.02611123524833657
14.5,-0.02611123524834225
14.510000000000002,-0.026111235248343
14.52,-0.026111235248332833
14.530000000000001,-0.026111235248343113
14.54,-0.026111235248342222
14.55,-0.02611123524833732
14.559999999999999,-0.026111235248343686
14.57,-0.02611123524833657
14.580000000000002,-0.02611123524834225
14.59,-0.026111235248343
14.600000000000001,-0.026111235248332833
14.61,-0.026111235248343113
14.620000000000001,-0.026111235248342222
14.629999999999999,-0.02611123524833732
14.64,-0.026111235248343686
14.650000000000002,-0.02611123524833657
14.66,-0.02611123524834225
14.670000000000002,-0.026111235248343
14.68,-0.026111235248332833
14.690000000000001,-0.026111235248343113
14.7,-0.026111235248342222
14.71,-0.02611123524833732
14.719999999999999,-0.026111235248343686
14.73,-0.02611123524833657
14.740000000000002,-0.02611123524834225
14.75,-0.026111235248343
14.760000000000002,-0.026111235248332833
14.77,-0.026111235248343113
14.780000000000001,-0.026111235248342222
14.79,-0.02611123524833732
14.8,-0.026111235248343686
14.809999999999999,-0.02611123524833657
14.82,-0.02611123524834225
14.830000000000002,-0.026111235248343
14.84,-0.026111235248332833
14.850000000000001,-0.026111235248343113
14.86,-0.026111235248342222
14.870000000000001,-0.02611123524833732
14.879999999999999,-0.026111235248343686
14.89,-0.02611123524833657
14.900000000000002,-0.02611123524834225
14.91,-0.026111235248343
14.920000000000002,-0.026111235248332833
14.93,-0.026111235248343113
14.940000000000001,-0.026111235248342222
14.95,-0.02611123524833732
14.96,-0.026111235248343686
14.969999999999999,-0.02611123524833657
14.98,-0.02611123524834225
14.990000000000002,-0.026111235248343
15.,-0.026111235248332833
15.010000000000002,-0.026111235248343113
15.02,-0.026111235248342222
15.030000000000001,-0.02611123524833732
15.04,-0.026111235248343686
15.05,-0.02611123524833657
15.059999999999999,-0.02611123524834225
15.07,-0.026111235248343
15.080000000000002,-0.026111235248332833
15.09,-0.026111235248343113
15.100000000000001,-0.026111235248342222
15.11,-0.02611123524833732
15.120000000000001,-0.026111235248343686
15.129999999999999,-0.026111235248343113
15.14,-0.026111235248342222
15.150000000000002,-0.02611123524833732
15.16,-0.026111235248343686
15.170000000000002,-0.02611123524833657
15.18,-0.02611123524834225
15.190000000000001,-0.026111235248343
15.2,-0.026111235248332833
15.21,-0.026111235248343113
15.219999999999999,-0.026111235248342222
15.23,-0.02611123524833732
15.240000000000002,-0.026111235248343686
15.25,-0.02611123524833657
15.260000000000002,-0.02611123524834225
15.27,-0.026111235248343
15.280000000000001,-0.026111235248332833
15.29,-0.026111235248343113
15.3,-0.026111235248342222
15.309999999999999,-0.02611123524833732
15.32,-0.026111235248343686
15.330000000000002,-0.02611123524833657
15.34,-0.02611123524834225
15.350000000000001,-0.026111235248343
15.36,-0.026111235248332833
15.370000000000001,-0.026111235248343113
15.379999999999999,-0.026111235248342222
15.39,-0.02611123524833732
15.400000000000002,-0.026111235248343686
15.41,-0.02611123524833657
15.420000000000002,-0.02611123524834225
15.43,-0.026111235248343
15.440000000000001,-0.026111235248332833
15.45,-0.026111235248343113
15.46,-0.026111235248342222
15.469999999999999,-0.02611123524833732
15.48,-0.026111235248343686
15.490000000000002,-0.02611123524833657
15.5,-0.02611123524834225
15.510000000000002,-0.026111235248343
15.52,-0.026111235248332833
15.530000000000001,-0.026111235248343113
15.54,-0.026111235248342222
15.55,-0.02611123524833732
15.559999999999999,-0.026111235248343686
15.57,-0.02611123524833657
15.580000000000002,-0.02611123524834225
15.59,-0.026111235248343
15.600000000000001,-0.026111235248332833
15.61,-0.026111235248343113
15.620000000000001,-0.026111235248342222
15.629999999999999,-0.02611123524833732
15.64,-0.026111235248343686
15.650000000000002,-0.02611123524833657
15.66,-0.02611123524834225
15.670000000000002,-0.026111235248343
15.68,-0.026111235248332833
15.690000000000001,-0.026111235248343113
15.7,-0.026111235248342222
15.71,-0.02611123524833732
15.719999999999999,-0.026111235248343686
15.73,-0.02611123524833657
15.740000000000002,-0.02611123524834225
15.75,-0.026111235248343
15.760000000000002,-0.026111235248332833
15.77,-0.026111235248343113
15.780000000000001,-0.026111235248342222
15.79,-0.02611123524833732
15.8,-0.026111235248343686
15.809999999999999,-0.02611123524833657
15.82,-0.02611123524834225
15.830000000000002,-0.026111235248343
15.84,-0.026111235248332833
15.850000000000001,-0.026111235248343113
15.86,-0.026111235248342222
15.870000000000001,-0.02611123524833732
15.879999999999999,-0.026111235248343686
15.89,-0.02611123524833657
15.900000000000002,-0.02611123524834225
15.91,-0.026111235248343
15.920000000000002,-0.026111235248332833
15.93,-0.026111235248343113
15.940000000000001,-0.026111235248342222
15.95,-0.02611123524833732
15.96,-0.026111235248343686
15.969999999999999,-0.02611123524833657
15.98,-0.02611123524834225
15.990000000000002,-0.026111235248343
16.,-0.026111235248343686
16.01,-0.026111235248330034
16.02,-0.02611123524834225
16.03,-0.026111235248343
16.04,-0.02611123524832198
16.05,-0.026111235248343113
16.06,-0.02611123524834225
16.07,-0.02611123524833164
16.080000000000002,-0.026111235248343686
16.09,-0.026111235248343113
16.1,-0.02611123524834225
16.11,-0.026111235248343
16.12,-0.026111235248343686
16.13,-0.026111235248343113
16.14,-0.02611123524834219
16.150000000000002,-0.026111235248343
16.16,-0.026111235248343686
16.17,-0.026111235248343113
16.18,-0.02611123524834219
16.19,-0.026111235248343
16.2,-0.026111235248343686
16.21,-0.026111235248330034
16.22,-0.02611123524834225
16.23,-0.026111235248343
16.240000000000002,-0.02611123524832198
16.25,-0.026111235248343113
16.26,-0.02611123524834225
16.27,-0.02611123524833164
16.28,-0.026111235248343686
16.29,-0.026111235248343113
16.3,-0.02611123524834225
16.31,-0.026111235248343
16.32,-0.026111235248343686
16.330000000000002,-0.026111235248343113
16.34,-0.02611123524834219
16.35,-0.026111235248343
16.36,-0.026111235248343686
16.37,-0.026111235248330034
16.38,-0.02611123524834225
16.39,-0.026111235248343
16.400000000000002,-0.02611123524832198
16.41,-0.026111235248343113
16.42,-0.02611123524834225
16.43,-0.02611123524833164
16.44,-0.026111235248343686
16.45,-0.026111235248343113
16.46,-0.02611123524834225
16.47,-0.026111235248343
16.48,-0.026111235248343686
16.490000000000002,-0.026111235248343113
16.5,-0.02611123524834219
16.51,-0.026111235248343
16.52,-0.026111235248343686
16.53,-0.026111235248330034
16.54,-0.02611123524834225
16.55,-0.026111235248343
16.56,-0.02611123524832198
16.57,-0.026111235248343113
16.580000000000002,-0.02611123524834225
16.59,-0.02611123524833164
16.6,-0.026111235248343686
16.61,-0.026111235248343113
16.62,-0.02611123524834225
16.63,-0.026111235248343
16.64,-0.026111235248343686
16.650000000000002,-0.026111235248343113
16.66,-0.02611123524834219
16.67,-0.026111235248343
16.68,-0.026111235248343686
16.69,-0.026111235248330034
16.7,-0.02611123524834225
16.71,-0.026111235248343
16.72,-0.02611123524832198
16.73,-0.026111235248343113
16.740000000000002,-0.02611123524834225
16.75,-0.02611123524833164
16.76,-0.026111235248343686
16.77,-0.026111235248343113
16.78,-0.02611123524834225
16.79,-0.026111235248343
16.8,-0.026111235248343686
16.81,-0.026111235248343113
16.82,-0.02611123524834219
16.830000000000002,-0.026111235248343
16.84,-0.026111235248343686
16.85,-0.026111235248330034
16.86,-0.02611123524834225
16.87,-0.026111235248343
16.88,-0.02611123524832198
16.89,-0.026111235248343113
16.900000000000002,-0.02611123524834225
16.91,-0.02611123524833164
16.92,-0.026111235248343686
16.93,-0.026111235248343113
16.94,-0.02611123524834225
16.95,-0.026111235248343
16.96,-0.026111235248343686
16.97,-0.026111235248343113
16.98,-0.02611123524834219
16.990000000000002,-0.026111235248343
17.,-0.026111235248343686